{
  "bitness": 64,
  "mingwArch": "x86_64",
  "downloads": [
    {
      "name": "GNU Arm Embedded Toolchain",
      "file": "gcc-arm-none-eabi-10.3-2021.10-win32.zip",
      "href": "https://developer.arm.com/-/media/Files/downloads/gnu-rm/10.3-2021.10/gcc-arm-none-eabi-10.3-2021.10-win32.zip?rev=8f4a92e2ec2040f89912f372a55d8cf3&hash=8A9EAF77EF1957B779C59EADDBF2DAC118170BBF",
      "dirName": "gcc-arm-none-eabi",
      "extractStrip": 1
    },
    {
      "name": "CMake",
      "file": "cmake-3.25.2-windows-x86_64.zip",
      "href": "https://github.com/Kitware/CMake/releases/download/v3.25.2/cmake-3.25.2-windows-x86_64.zip",
      "dirName": "cmake",
      "extractStrip": 1
    },
    {
      "name": "Ninja",
      "file": "ninja-win.zip",
      "href": "https://github.com/ninja-build/ninja/releases/download/v1.11.1/ninja-win.zip",
      "dirName": "ninja"
    },
    {
      "name": "Python 3.9",
      "file": "python-3.9.13-embed-amd64.zip",
      "href": "https://www.python.org/ftp/python/3.9.13/python-3.9.13-embed-amd64.zip",
      "dirName": "python"
    },
    {
      "name": "Git for Windows",
      "file": "MinGit-2.39.1-64-bit.zip",
      "href": "https://github.com/git-for-windows/git/releases/download/v2.39.1.windows.1/MinGit-2.39.1-64-bit.zip",
      "dirName": "git"
    }
  ]
}
